{
    "input_json": "homografias.json",
    "used_images": [
        "frame_0001.jpg",
        "frame_0002.jpg",
        "frame_0005.jpg",
        "frame_0006.jpg",
        "frame_0009.jpg",
        "frame_0010.jpg",
        "frame_0011.jpg",
        "frame_0012.jpg",
        "frame_0013.jpg",
        "frame_0014.jpg",
        "frame_0015.jpg",
        "frame_0016.jpg",
        "frame_0017.jpg",
        "frame_0018.jpg",
        "frame_0019.jpg"
    ],
    "K": [
        [
            1955.4273996699235,
            52.38315322669189,
            1977.8972089639783
        ],
        [
            0.0,
            1652.3078090727083,
            578.8320962911813
        ],
        [
            0.0,
            0.0,
            1.0
        ]
    ],
    "diagnostic": {
        "num_homographies_used": 15,
        "V_shape": [
            30,
            6
        ],
        "rank_V": 6,
        "V_singular_values": [
            13.072120717591567,
            3.8484038474782407,
            0.12167251248274996,
            0.0014426095338559268,
            3.289352011101859e-05,
            6.6747175249914105e-09
        ],
        "b_vector": [
            1.2295931188521793e-07,
            -3.898181948765781e-09,
            1.7233538402568061e-07,
            -0.00024094448696477535,
            -9.204304840423286e-05,
            0.9999999667368926
        ],
        "B_matrix": [
            [
                1.2295931188521793e-07,
                -3.898181948765781e-09,
                -0.00024094448696477535
            ],
            [
                -3.898181948765781e-09,
                1.7233538402568061e-07,
                -9.204304840423286e-05
            ],
            [
                -0.00024094448696477535,
                -9.204304840423286e-05,
                0.9999999667368926
            ]
        ],
        "denom_B11B22_minus_B12sq": 2.1175044410766784e-14,
        "lambda": 0.4701590677971531,
        "fx_alpha": 1955.4273996699235,
        "fy_beta": 1652.3078090727083,
        "skew_gamma": 52.38315322669189,
        "cx_u0": 1977.8972089639783,
        "cy_v0": 578.8320962911813
    }
}